{"global_step": 18, "_timestamp": 1723663855.7000694, "train_loss": 20.167173385620117, "learning_rate": 0.0009141417685896158, "_runtime": 23.5561363697052, "_step": 18, "_wandb": {"runtime": 33}}