{"train_loss": 20.504972457885742, "_timestamp": 1723661658.711829, "_runtime": 709.1868889331818, "_step": 18, "_wandb": {"runtime": 738}}